{"cameraMode":{"drawMode":0,"name":"Shaded","section":"Shading Mode"},"sceneLighting":true,"audioPlay":false,"sceneViewState":{"m_AlwaysRefresh":false,"showFog":true,"showSkybox":true,"showFlares":true,"showImageEffects":true,"showParticleSystems":true,"showVisualEffectGraphs":true,"m_FxEnabled":true},"in2DMode":false,"pivot":{"x":-0.11679983139038086,"y":-0.8022463321685791,"z":0.03270864486694336},"rotation":{"x":-0.0006947010988369584,"y":0.9971672892570496,"z":-0.00928357895463705,"w":-0.0746263712644577},"size":4.169308662414551,"orthographic":false}